﻿<?xml version="1.0" encoding="utf-8" standalone="no" ?>
<modDesc descVersion="53">
    <author>Dazed</author>
    <version>1.0.0.0</version>
    <title>
        <en>Grain Cleaner</en>
        <de>Getreidereiniger</de>
        <fr>Nettoyeur De Grains</fr>
    </title>
    <description>
        <en><![CDATA[Background:

Williamson Farms have invested in this grain cleaner to offer a new service to their customers, a way to recover their premiums at the mills by taking out any imperfections from the grain. Customers noted how it was healing their grain and thus it got the nickname "The Grainhospital" 

Furthermore it also has the ability to apply seed treatment to the grain allowing it to be used as seed, saving Williamson and other customers thousands per year on seed bills. 

Gameplay:

To make seed simply deposit one of four grains (wheat, barley, oat, and canola) into the hopper and place the herbicide into the draining rack. Once the grain has been treated it can be withdrawn as bags or as bulk. 

To clean grain simply deposit one of four grains (wheat, barley, oat, and Canola) into the hopper and the grain will be cleaned (in the current version 10% extra crop is added) and the cleanings will be seperated, these can later be sold or used as pig food. 

Price: £250.000

Daily Maintenance: £45

Requires Global Company to function.

Seasons-ready]]></en>
        <de><![CDATA[Hintergrund:
Die Williamson Farms hat in diesen Getreidereiniger investiert, um Ihren Kunden einen neuen Service anzubieten. Eine Möglichkeit, ihre Prämien in den Mühlen zurückzugewinnen, indem alle Mängel im Getreide beseitigt werden. Kunden bemerkten, wie es ihr Getreide heilte und der Reiniger erhielt den Spitznamen "Getreideklinik".
Darüber hinaus kann das Getreide mit einer Beizung versehen werden, so dass es als Saatgut verwendet werden kann, wodurch Williamson und andere Kunden jährlich Tausende an Saatgutkosten sparen.

Funktion:
Um Saatgut zu erzeugen, geben Sie einfach eine Getreideart (Weizen, Gerste, Hafer und Raps) in den Trichter und stellen Sie eine Herbizid Palette auf das Abtropfgestell. Nach der Behandlung kann das Getreide in Säcken oder als Schüttgut entnommen werden.
Um Getreide zu reinigen, geben Sie einfach eine Getreideart (Weizen, Gerste, Hafer und Raps) in den Trichter und das Getreide wird gereinigt (in der aktuellen Version werden 10% zusätzliches Getreide hinzugefügt) und die Reinigungen werden voneinander getrennt, diese können später verkauft oder als Schweinefutter verwendet werden.

Preis: 250.000 €

Unterhalt: 45 €

Seasons-ready

Erfordert zur Funktion Global Company.]]>
</de>
        <fr><![CDATA[Arrière-plan:

Williamson Farms a investi dans ce nettoyeur de grains pour offrir un nouveau service à ses clients, un moyen de récupérer leurs primes aux moulins en éliminant les imperfections du grain. Les clients ont noté comment il guérissait leur grain et il a donc reçu le surnom de "The Grainhospital"

En outre, il a également la capacité d'appliquer un traitement de semences au grain, ce qui permet de l'utiliser comme semence, ce qui permet à Williamson et à d'autres clients d'économiser des milliers de dollars par an sur les factures de semences.

Gameplay :

Pour faire des semences, déposez simplement l'un des quatre grains (blé, orge, avoine et canola) dans la trémie et placez l'herbicide dans le support d'égouttage. Une fois le grain traité, il peut être retiré en sacs ou en vrac.

Pour nettoyer le grain, déposez simplement l'un des quatre grains (blé, orge, avoine et canola) dans la trémie et le grain sera nettoyé (dans la version actuelle, 10 % de récolte supplémentaire est ajouté) et les nettoyages seront séparés, ceux-ci pourront plus tard être vendus ou utilisés comme aliments pour porcs.

Prix ​​: 250 000 €

Maintenance quotidienne: 45 €

Seasons Ready

Nécessite Global Company pour fonctionner.]]></fr>
    </description>
    <multiplayer supported="true"/>
    <iconFilename>Icon.dds</iconFilename>
    <extraSourceFiles>
        <sourceFile filename="GC_Checker.lua"/>
    </extraSourceFiles>
    <globalCompany minimumVersion="1.1.0.0"/>
    <storeItems>
        <storeItem xmlFilename="xml/Grain_Hospital_Simple.xml"/>
    </storeItems>
    <l10n>
        <text name="action_lightSwitchON">
            <en>Lights on</en>
            <de>Licht an</de>
        </text>
        <text name="action_lightSwitchOFF">
            <en>Lights Off</en>
            <de>Licht aus</de>
        </text>
        <text name="function_seedMaker">
            <en>Clean your grain and apply seed treatment if you want to prepare it for use as seed.</en>
            <de>Reinigen Sie Ihr Getreide und wenden Sie eine Beizung an, wenn Sie es für die Verwendung als Saatgut vorbereiten möchten.</de>
        </text>
    </l10n>
</modDesc>
