﻿<?xml version="1.0" encoding="utf-8" standalone="no" ?>
<map>

	<materialholders>
        <materialholder filename = "$data/fillPlanes/fillPlane_materialHolder.i3d" />
    </materialholders>
	
	<fillTypes>
		<fillType name="PREMIUM_WHEAT" title="$l10n_fillType_premium_wheat" showOnPriceTable="true" pricePerLiter="0.437" >
            <image hud="$dataS2/menu/hud/fillTypes/hud_fill_wheat.png" hudSmall="$dataS2/menu/hud/fillTypes/hud_fill_wheat_sml.png" />
            <physics massPerLiter="0.78" maxPhysicalSurfaceAngle="15" />
            <pallet filename="$data/objects/pallets/fillablePallet/fillablePallet.xml" />
        </fillType>
        <fillType name="PREMIUM_BARLEY" title="$l10n_fillType_premium_barley" showOnPriceTable="true" pricePerLiter="0.413" >
            <image hud="$dataS2/menu/hud/fillTypes/hud_fill_barley.png" hudSmall="$dataS2/menu/hud/fillTypes/hud_fill_barley_sml.png" />
            <physics massPerLiter="0.68" maxPhysicalSurfaceAngle="15" />
            <pallet filename="$data/objects/pallets/fillablePallet/fillablePallet.xml" />
        </fillType>
        <fillType name="PREMIUM_OAT" title="$l10n_fillType_premium_oat" showOnPriceTable="true" pricePerLiter="0.632" >
            <image hud="$dataS2/menu/hud/fillTypes/hud_fill_oat.png" hudSmall="$dataS2/menu/hud/fillTypes/hud_fill_oat_sml.png" />
            <physics massPerLiter="0.50" maxPhysicalSurfaceAngle="15" />
            <pallet filename="$data/objects/pallets/fillablePallet/fillablePallet.xml" />
        </fillType>
        <fillType name="PREMIUM_CANOLA" title="$l10n_fillType_premium_canola" showOnPriceTable="true"  pricePerLiter="0.703" >
            <image hud="$dataS2/menu/hud/fillTypes/hud_fill_canola.png" hudSmall="$dataS2/menu/hud/fillTypes/hud_fill_canola_sml.png" />
            <physics massPerLiter="0.60" maxPhysicalSurfaceAngle="15" />
            <pallet filename="$data/objects/pallets/fillablePallet/fillablePallet.xml" />
        </fillType>
    </fillTypes>

    <fillTypeCategories>
		<fillTypeCategory name="BULK">PREMIUM_WHEAT PREMIUM_BARLEY PREMIUM_OAT PREMIUM_CANOLA</fillTypeCategory>
		<fillTypeCategory name="TRAINWAGON">PREMIUM_WHEAT PREMIUM_BARLEY PREMIUM_OAT PREMIUM_CANOLA</fillTypeCategory>
		<fillTypeCategory name="FARMSILO">PREMIUM_WHEAT PREMIUM_BARLEY PREMIUM_OAT PREMIUM_CANOLA</fillTypeCategory>
		<fillTypeCategory name="AUGERWAGON">PREMIUM_WHEAT PREMIUM_BARLEY PREMIUM_OAT PREMIUM_CANOLA</fillTypeCategory>
    </fillTypeCategories>
	
	   <fillTypeSounds>
        <fillTypeSound isDefault="true">
            <sound template="DEFAULT_SILO_FILL"/>
        </fillTypeSound>
    </fillTypeSounds>

</map>
