﻿<?xml version="1.0" encoding="utf-8" standalone="no" ?>
<placeable>
    <storeData>
        <name>
            <en>Grain Cleaner</en>
            <de>Getreidereiniger</de>
            <fr>Nettoyeur De Grains</fr></name>
        <functions>
            <function>$l10n_function_seedMaker</function>
        </functions>
        <image>store_icon.dds</image>
        <price>250000</price>
        <dailyUpkeep>45</dailyUpkeep>
        <lifetime>1000</lifetime>
        <rotation>0</rotation>
        <brand>LIZARD</brand>
        <species>placeable</species>
        <category>placeableMisc</category>
        <specs>
            <capacity>300000</capacity>
            <fillTypes>seeds herbicide barley canola oat rye wheat pigfood</fillTypes>
        </specs>
    </storeData>
    <placeableType>GC_ProductionFactoryPlaceable</placeableType>
    <filename>Grain Hospital.i3d</filename>
    <placement testSizeX="10" testSizeZ="20" sizeX="10" sizeZ="20" useRandomYRotation="false" useManualYRotation="true"/>
    <tipOcclusionUpdateArea sizeX="6" sizeZ="17"/>
    <leveling requireLeveling="true" maxSmoothDistance="10" maxSlope="75" maxEdgeAngle="30">
        <levelAreas>
            <levelArea startNode="1|0|1|0" widthNode="1|0|1|1" heightNode="1|0|1|2" groundType="concrete"/>
        </levelAreas>
    </leveling>
    <clearAreas>
        <clearArea startNode="1|0|0|0" widthNode="1|0|0|1" heightNode="1|0|0|2"/>
    </clearAreas>
    <seasons>
        <maskAreas>
            <maskArea startNode="1|0|2|0" widthNode="1|0|2|1" heightNode="1|0|2|2"/>
        </maskAreas>
    </seasons>
    <animatedObjects>
        <!-- Lights -->
        <animatedObject saveId="lightSwitch01">
            <animation duration="0.1">
                <part node="1|4|0|0">
                    <!-- light01 -->
                    <keyFrame time="0" visibility="false"/>
                    <keyFrame time="1" visibility="true"/>
                </part>
                <part node="1|4|1|0">
                    <!-- light02 -->
                    <keyFrame time="0" visibility="false"/>
                    <keyFrame time="1" visibility="true"/>
                </part>
            </animation>
            <controls triggerNode="1|4|2" posAction="ACTIVATE_HANDTOOL" posText="action_lightSwitchON" negText="action_lightSwitchOFF"/>
        </animatedObject>
    </animatedObjects>
    <productionFactories>
        <productionFactory indexName="GRAIN_Cleaner" saveId="Grain_Cleaner">
            <guiInformation title="Grain_Cleaner_FactoryName" imageFilename="store_icon.dds" description="Grain_Cleaner_FactoryDescription"/>
            <operation updateDelayMinutes="5" showInGlobalGUI="true"/>
            <registerUnloadingTriggers>
                <unloadingTrigger name="UnloadingTriggerGrain" exactFillRootNode="exactFillRootNode1"/>
                <unloadingTrigger name="UnloadingTriggerLiquid" exactFillRootNode="exactFillRootNode3" palletTriggerNode="exactFillRootNode2"/>
            </registerUnloadingTriggers>
            <registerLoadingTriggers>
                <loadingTrigger name="LoadingTrigger1" triggerNode="trigger" fillLitersPerSecond="50" autoStart="false">
                    <dischargeInfo dischargeNode="dischargenode1"/>
                    <effectNode effectNode="grain" materialType="unloading" materialTypeId="3" fadeTime="0.5"/>
                    <effectNode effectNode="smoke" materialType="smoke" materialTypeId="1" fadeTime="0.5"/>
                </loadingTrigger>
                <!--loadingTrigger name="LoadingTrigger2" triggerNode="trigger2" fillLitersPerSecond="1000" autoStart="true">
                    <dischargeInfo dischargeNode="dischargenode2"/>
                    <effectNode effectNode="grain2" materialType="unloading" materialTypeId="3" fadeTime="0.5"/>
                    <effectNode effectNode="smoke2" materialType="smoke" materialTypeId="1" fadeTime="0.5"/>
                </loadingTrigger-->
            </registerLoadingTriggers>
            <registerInputProducts>
                <inputProduct name="IP_Barley" capacity="50000" title="Grain_Cleaner_Input1">
                    <fillTypes>
                        <fillType name="barley"/>
                    </fillTypes>
                    <inputMethods>
                        <unloadingTrigger name="UnloadingTriggerGrain"/>
                    </inputMethods>
                    <movers>
                        <mover node="plane1">
                            <translation minimum="0 0 0" maximum="0 1 0"/>
                        </mover>
                    </movers>
                </inputProduct>
                <inputProduct name="IP_Oat" capacity="50000" title="Grain_Cleaner_Input2">
                    <fillTypes>
                        <fillType name="oat"/>></fillTypes>
                    <inputMethods>
                        <unloadingTrigger name="UnloadingTriggerGrain"/>
                    </inputMethods>
                    <movers>
                        <mover node="plane1">
                            <translation minimum="0 0 0" maximum="0 1 0"/>
                        </mover>
                    </movers>
                </inputProduct>
                <inputProduct name="IP_Canola" capacity="50000" title="Grain_Cleaner_Input4">
                    <fillTypes>
                        <fillType name="canola"/>
                    </fillTypes>
                    <inputMethods>
                        <unloadingTrigger name="UnloadingTriggerGrain"/>
                    </inputMethods>
                    <movers>
                        <mover node="plane1">
                            <translation minimum="0 0 0" maximum="0 1 0"/>
                        </mover>
                    </movers>
                </inputProduct>
                <inputProduct name="IP_LIQUID" capacity="2000" title="Grain_Cleaner_Input5">
                    <fillTypes>
                        <fillType name="herbicide"/>
                    </fillTypes>
                    <inputMethods>
                        <unloadingTrigger name="UnloadingTriggerLiquid"/>
                    </inputMethods>
                    <movers>
                        <mover node="plane1">
                            <translation minimum="0 0 0" maximum="0 1 0"/>
                        </mover>
                    </movers>
                </inputProduct>
                <inputProduct name="IP_Wheat" capacity="50000" title="Grain_Cleaner_Input6">
                    <fillTypes>
                        <fillType name="Wheat"/>
                    </fillTypes>
                    <inputMethods>
                        <unloadingTrigger name="UnloadingTriggerGrain"/>
                    </inputMethods>
                    <movers>
                        <mover node="plane1">
                            <translation minimum="0 0 0" maximum="0 1 0"/>
                        </mover>
                    </movers>
                </inputProduct>
            </registerInputProducts>
            <registerOutputProducts>
                <outputProduct name="OP_SEED" fillType="seeds" capacity="50000" title="Grain_Cleaner_Output1">
                    <outputMethods>
                        <loadingTrigger name="LoadingTrigger1"/>
                        <!--loadingTrigger name="LoadingTrigger2"/-->
                        <objectSpawner xmlFilename="$data/objects/bigBagContainer/bigBagContainerSeeds.xml">
                            <area startNode="start1" endNode="end1"/>
                        </objectSpawner>
                    </outputMethods>
                </outputProduct>
                <outputProduct name="OP_PremiumWheat" fillType="wheat" capacity="50000" title="Grain_Cleaner_Output2">
                    <outputMethods>
                        <loadingTrigger name="LoadingTrigger1"/>
                    </outputMethods>
                </outputProduct>
                <outputProduct name="OP_PremiumBarley" fillType="barley" capacity="50000" title="Grain_Cleaner_Output3">
                    <outputMethods>
                        <loadingTrigger name="LoadingTrigger1"/>
                    </outputMethods>
                </outputProduct>
                <outputProduct name="OP_PremiumOat" fillType="oat" capacity="50000" title="Grain_Cleaner_Output4">
                    <outputMethods>
                        <loadingTrigger name="LoadingTrigger1"/>
                    </outputMethods>
                </outputProduct>
                <outputProduct name="OP_PremiumCanola" fillType="canola" capacity="50000" title="Grain_Cleaner_Output6">
                    <outputMethods>
                        <loadingTrigger name="LoadingTrigger1"/>
                    </outputMethods>
                </outputProduct>
                <outputProduct name="OP_Cleanings" fillType="pigFood" capacity="50000" title="Grain_Cleaner_Output7">
                    <outputMethods>
                        <loadingTrigger name="LoadingTrigger1"/>
                        <objectSpawner xmlFilename="$data/objects/bigBagContainer/bigBagContainerPigFood.xml">
                            <area startNode="start1" endNode="end1"/>
                        </objectSpawner>
                    </outputMethods>
                </outputProduct>
            </registerOutputProducts>
            <productLines>
                <productLine autoLineStart="false" outputPerHour="300000" title="Grain_Cleaner_productLine_Wheat_Seed" showInGUI="true">
                    <inputs>
                        <inputProduct name="IP_Wheat" percent="100"/>
                        <inputProduct name="IP_LIQUID" percent="10"/>
                    </inputs>
                    <outputs>
                        <outputProduct name="OP_SEED" percent="100"/>
                    </outputs>
                    <playerTrigger playerTriggerNode="PlayerTrigger" showPopupUI="true"/>
                </productLine>
                <productLine autoLineStart="false" outputPerHour="300000" title="Grain_Cleaner_productLine_Barley_Seed" showInGUI="true">
                    <inputs>
                        <inputProduct name="IP_Barley" percent="100"/>
                        <inputProduct name="IP_LIQUID" percent="10"/>
                    </inputs>
                    <outputs>
                        <outputProduct name="OP_SEED" percent="100"/>
                    </outputs>
                </productLine>
                <productLine autoLineStart="false" outputPerHour="300000" title="Grain_Cleaner_productLine_Oat_Seed" showInGUI="true">
                    <inputs>
                        <inputProduct name="IP_Oat" percent="100"/>
                        <inputProduct name="IP_LIQUID" percent="10"/>
                    </inputs>
                    <outputs>
                        <outputProduct name="OP_SEED" percent="100"/>
                    </outputs>
                </productLine>
                <productLine autoLineStart="false" outputPerHour="300000" title="Grain_Cleaner_productLine_Canola_Seed" showInGUI="true">
                    <inputs>
                        <inputProduct name="IP_Canola" percent="100"/>
                        <inputProduct name="IP_LIQUID" percent="10"/>
                    </inputs>
                    <outputs>
                        <outputProduct name="OP_SEED" percent="100"/>
                    </outputs>
                </productLine>
                <productLine autoLineStart="false" outputPerHour="300000" title="Grain_Cleaner_productLine_Wheat" showInGUI="true">
                    <inputs>
                        <inputProduct name="IP_Wheat" percent="100"/>
                    </inputs>
                    <outputs>
                        <outputProduct name="OP_PremiumWheat" percent="110"/>
                        <outputProduct name="OP_Cleanings" percent="5"/>
                    </outputs>
                </productLine>
                <productLine autoLineStart="false" outputPerHour="300000" title="Grain_Cleaner_productLine_Barley" showInGUI="true">
                    <inputs>
                        <inputProduct name="IP_Barley" percent="100"/>
                    </inputs>
                    <outputs>
                        <outputProduct name="OP_PremiumBarley" percent="110"/>
                        <outputProduct name="OP_Cleanings" percent="5"/>
                    </outputs>
                </productLine>
                <productLine autoLineStart="false" outputPerHour="300000" title="Grain_Cleaner_productLine_Oat" showInGUI="true">
                    <inputs>
                        <inputProduct name="IP_Oat" percent="100"/>
                    </inputs>
                    <outputs>
                        <outputProduct name="OP_PremiumOat" percent="110"/>
                        <outputProduct name="OP_Cleanings" percent="5"/>
                    </outputs>
                </productLine>
                <productLine autoLineStart="false" outputPerHour="300000" title="Grain_Cleaner_productLine_Canola" showInGUI="true">
                    <inputs>
                        <inputProduct name="IP_Canola" percent="100"/>
                    </inputs>
                    <outputs>
                        <outputProduct name="OP_PremiumCanola" percent="110"/>
                        <outputProduct name="OP_Cleanings" percent="5"/>
                    </outputs>
                </productLine>
            </productLines>
            <i3dMappings>
                <!--Filling-->
                <i3dMapping id="exactFillRootNode1" node="1|1|0"/>
                <i3dMapping id="exactFillRootNode2" node="1|1|1"/>
                <i3dMapping id="exactFillRootNode3" node="1|1|3"/>
                <i3dMapping id="palletTrigger" node="2|1|2"/>
                <!--Spawners-->
                <i3dMapping id="start1" node="1|2|2"/>
                <i3dMapping id="end1" node="1|2|2|0"/>
                <!--Unload Pipe 1-->
                <i3dMapping id="dischargenode1" node="1|2|1|1"/>
                <i3dMapping id="trigger" node="1|2|1|0"/>
                <i3dMapping id="grain" node="1|2|1|2|0"/>
                <i3dMapping id="smoke" node="1|2|1|2|1"/>
                <!--Other-->
                <i3dMapping id="plane1" node="1|1|2"/>
                <i3dMapping id="PlayerTrigger" node="1|3"/>
                <i3dMapping id="audio1" node="1|5|0"/>
                <i3dMapping id="audio2" node="1|5|1"/>
                <i3dMapping id="audio3" node="1|5|2"/>
            </i3dMappings>
        </productionFactory>
    </productionFactories>
</placeable>
